id,label
145,0.508838415145874
211,0.642498791217804
162,0.6032203435897827
200,0.5194793939590454
210,0.6746037602424622
224,0.6680305600166321
213,0.47181835770606995
109,0.5794228315353394
15,0.6529726982116699
167,0.5876060724258423
