id,label
145,0.3899305462837219
211,0.5269129872322083
162,0.4869876503944397
200,0.43849408626556396
210,0.6145381331443787
224,0.5338596105575562
213,0.4109199345111847
109,0.48520776629447937
15,0.5451125502586365
167,0.4934907555580139
