id,label
145,0.3561706244945526
211,0.6126084327697754
162,0.2934429347515106
200,0.30227112770080566
210,0.6672213077545166
224,0.6871005892753601
213,0.30690693855285645
109,0.3063085079193115
15,0.7051234245300293
167,0.6153188943862915
