id,label
145,0.37184956669807434
211,0.5892864465713501
162,0.5297266244888306
200,0.4888516664505005
210,0.6387866735458374
224,0.5194706916809082
213,0.45894908905029297
109,0.5348091125488281
15,0.5971140265464783
167,0.5309368968009949
